{
  "id": "",
  "name": "",
  "font_family": "iconfont",
  "css_prefix_text": "icon-",
  "description": "",
  "glyphs": [
    {
      "icon_id": "16136929",
      "name": "人",
      "font_class": "ren",
      "unicode": "e604",
      "unicode_decimal": 58884
    },
    {
      "icon_id": "16136947",
      "name": "搜索",
      "font_class": "sousuo",
      "unicode": "e608",
      "unicode_decimal": 58888
    },
    {
      "icon_id": "16136964",
      "name": "下一个",
      "font_class": "xiayige",
      "unicode": "e60d",
      "unicode_decimal": 58893
    }
  ]
}
